test_date,training_date,r_pe,r_ke,r_sp,eor,dyhat,dyhat_y,dy,rr,y,yhat
2017-02-01,2017-01-02,0.4663672237526664,0.23873434922907394,0.4290555990461864,6.923083848196944,0.13658365175234732,0.1787885550016493,0.01972872996300909,1.018495684340321,8260.0,9559.975181063372
2017-02-02,2017-01-03,0.46553872473533375,0.22812393370778178,0.4140010166235132,11.655340745654573,0.12455357969051774,0.16675264869003886,0.010686395396630055,1.0012330456226886,8120.0,9462.363980876211
2017-02-03,2017-01-04,0.5127212012091705,0.2553335978283431,0.4646089606270233,25.078288892597897,0.1230836264667522,0.15680519457213837,0.00490797546012326,1.002453987730062,8170.0,9427.962335762923
2017-02-04,2017-01-05,0.5979398865207111,0.3539961627023943,0.599034336347316,-41.70015507944982,0.101583812617445,0.12537574170265856,-0.002436053593179713,0.9951278928136412,8170.0,9239.334839378833
2017-02-05,2017-01-06,0.6663034272780743,0.4092609844303588,0.6625330960080453,26.32388842148076,0.09677900154955867,0.12593308936125017,0.003676470588235182,1.0012254901960784,8170.0,9187.614009187802
2017-02-08,2017-01-09,0.7877991376346288,0.5888780614317157,0.8001510557650809,2.234911239028906,0.07855381087675702,0.11852617160289951,0.03514851485148445,1.044554455445544,8440.0,9037.691466551434
2017-02-09,2017-01-10,0.7879218838142805,0.6031830462090614,0.7863057154447854,1.1537367403073389,0.06994982500982817,0.12493959334356274,0.0606289308176097,1.064150943396226,8460.0,8943.269767081327
2017-02-10,2017-01-11,0.7584781365446289,0.4867793004494179,0.6403312572665191,0.7402017101061056,0.052403660892467833,0.10067624961432935,0.0707964601769914,1.0568900126422254,8360.0,8706.349134449343
2017-02-11,2017-01-12,0.7112396341873337,0.43401946156463517,0.5704256801879097,0.582309016449217,0.04599128537560694,0.09941347784088286,0.07898089171974522,1.064968152866242,8360.0,8630.39580105093
2017-02-12,2017-01-13,0.6035261431986481,0.3278706147352641,0.44501812848375855,0.4046099797101032,0.029193378282881065,0.06533541058411188,0.07215189873417771,1.0582278481012664,8360.0,8416.14974361448
2017-02-15,2017-01-16,-0.14468831919687017,-0.08465726964337703,-0.08502635966053661,-0.3313594048442102,-0.023385109590279295,0.010757054176456627,0.07057324840764331,,8550.0,7934.4428752851845
2017-02-16,2017-01-17,-0.3774775973254395,-0.29023847731143076,-0.4302369616028681,-1.652969841074661,-0.045724747133765876,-0.051727529936514756,0.02766217870256992,,8420.0,7747.386080418678
2017-02-17,2017-01-18,-0.43874541077049095,-0.3535632359975611,-0.5077097011921958,-0.9245501876167376,-0.04330606826755023,-0.039134742848486635,0.04684014869888523,,8620.0,7754.182625212709
2017-02-18,2017-01-19,-0.5061372727444567,-0.4457497172825983,-0.6274682482067009,-0.7234507414359446,-0.048230049429062706,-0.02927031477576007,0.0666666666666663,,8620.0,7688.179106975983
2017-02-19,2017-01-20,-0.5598511146369057,-0.44590403603995915,-0.607124500112413,-0.6590755918886638,-0.041285489906987764,-0.02415699362907021,0.0626415094339619,,8620.0,7757.9519006488945
2017-02-22,2017-01-23,-0.6747948400071248,-0.5368421052631579,-0.7097744360902255,-3.4848256196787166,-0.08179949957569281,-0.0990638298985653,0.02347305389221579,,8650.0,7522.817020346978
2017-02-23,2017-01-24,-0.6881455849809793,-0.5368421052631579,-0.7082706766917292,-2.7413575021030336,-0.08161544544076074,-0.0920761163966396,0.029771908763504728,,8580.0,7563.005950415997
2017-02-24,2017-01-25,-0.7185375998983924,-0.6000000000000001,-0.7578947368421052,-1.383631421568386,-0.0696890153650571,-0.06592866610574477,0.05036674816625847,,8690.0,7640.703511255013
2017-02-25,2017-01-26,-0.7029522899606541,-0.6140350877192983,-0.7649122807017543,-1.9099187995760867,-0.05770977667783773,-0.06522328892280166,0.030215827338129046,,8690.0,7796.037770383838
2017-03-02,2017-01-31,-0.7126619150295436,-0.5619047619047619,-0.7415584415584415,-0.791897598184778,-0.06173135966361185,-0.05075736156892263,0.07795371498172889,,8880.0,7793.28206151915
2017-03-03,2017-02-01,-0.6712002834525597,-0.5047619047619049,-0.6909090909090909,-0.6558777050659578,-0.04724542790729311,-0.039765563184631585,0.07203389830508404,,8710.0,7931.536448094948
2017-03-04,2017-02-02,-0.6335530607723707,-0.4631578947368421,-0.6466165413533834,-0.6354595943707285,-0.057520049490453716,-0.036627905493160785,0.0905172413793101,,8710.0,7822.581407395536
2017-03-05,2017-02-03,-0.5294370650811328,-0.391812865497076,-0.5824561403508772,-0.588368582472473,-0.04933078078257549,-0.03724455437725935,0.08384332925336549,,8710.0,7865.711990737795
2017-03-08,2017-02-06,-0.09471878499763148,-0.17142857142857143,-0.24675324675324672,-0.2771886070440207,-0.011332217152090046,-0.04531939972436009,0.04088269454123113,,9040.0,8219.79996837326
2017-03-09,2017-02-07,-0.10096867744350391,-0.1523809523809524,-0.17922077922077922,-0.22964711359380083,-0.013702999938497969,-0.036100475568673136,0.05966981132075449,,9000.0,8173.867967177654
2017-03-10,2017-02-08,0.05002673462436784,-0.023866416420646974,0.029230271109683383,-0.08127249468499192,-0.00589321880891168,-0.02888777325162589,0.07251184834123153,,9040.0,8196.187193756283
2017-03-11,2017-02-09,0.14646631685196296,0.036939442566909376,0.15419331665837055,-0.06195793888527144,-0.004335590995281348,-0.029738770357184946,0.06997635933806054,,9040.0,8208.410002778222
2017-03-12,2017-02-10,0.37945734768543077,0.14076306861555737,0.33523478435658705,0.08457588392874626,0.007000778908934559,-0.012232692938585648,0.08277511961722558,1.081339712918661,9040.0,8257.734687033419
2017-03-15,2017-02-13,0.6640016286483942,0.4401964263517979,0.7043536249739182,1.2023512335422453,0.09502920592815704,0.07950348866065662,0.0790361445783123,1.0795180722891558,8960.0,8959.878955883458
2017-03-16,2017-02-14,0.704909240305013,0.49761335152811936,0.7472386242804482,1.289998422055301,0.09547533231499143,0.07579480937766464,0.07401197604790442,1.0850299401197607,9060.0,8982.886658303498
2017-03-17,2017-02-15,0.7041716362818197,0.5071828390575063,0.7446395334133857,2.3610636590159855,0.11156370973595792,0.06773632857121183,0.047251461988303205,1.049122807017543,8970.0,9129.145609283869
2017-03-18,2017-02-16,0.704447451906167,0.5185257765656843,0.7358918561770337,1.775535847884139,0.11260524260928075,0.08621976090764101,0.0634204275534451,1.0653206650831364,8970.0,9145.97038684233
2017-03-19,2017-02-17,0.6052993078700407,0.4058893753094554,0.6602285248711199,1.6370838111369972,0.06343224975867251,0.006581948320142511,0.038747099767981436,1.0406032482598608,8970.0,8676.736394519628
2017-03-22,2017-02-20,0.5385311278393957,0.3117586674956835,0.499837741629703,2.268188393898311,0.12047252103901569,0.08018556911857531,0.05311398354876548,1.0587544065804928,9010.0,9192.379193199082
2017-03-23,2017-02-21,0.4921812079142543,0.2692432160428806,0.42587812341218256,2.5225854043786287,0.12243263275647627,0.08405150815858056,0.04853458382180494,1.0515826494724498,8970.0,9246.959364592696
2017-03-24,2017-02-22,0.30627804167007133,0.11538994973266312,0.22561787606721734,4.710538271876689,0.13614272462071458,0.0881270054847983,0.02890173410404646,1.0115606936416186,8750.0,9412.298597443503
2017-03-25,2017-02-23,0.1564615669715369,0.031916699728542886,0.1046687933989566,3.6405880947598437,0.13577950936167169,0.10235454264638696,0.037296037296037074,1.0198135198135196,8750.0,9458.201975906002
2017-03-26,2017-02-24,-0.035856637407969086,-0.07692846407042739,-0.04481553494023299,5.958911496119189,0.14400131348504114,0.10333214636908683,0.02416570771001108,1.0069044879171458,8750.0,9587.956351947369
2017-03-29,2017-02-27,0.26413208340184163,0.16868694244915797,0.2640653897356921,18.956450007304124,0.18255931697964048,0.13426933617441048,0.00963045912653996,1.0268756998880182,9170.0,10129.025172037484
2017-03-30,2017-02-28,0.32530708284205573,0.20724395786610836,0.31544757148229224,11.89209340698371,0.20577330164892912,0.17464181452652244,0.017303370786516645,1.0292134831460673,9160.0,10454.312149286052
2017-04-01,2017-03-02,0.321581326374893,0.20724395786610836,0.3323581629431987,7.979878681483361,0.21746966677015298,0.20918886002698048,0.027252252252252043,1.0236486486486485,9090.0,10737.597077039589
2017-04-02,2017-03-03,0.15896211569401555,0.12267757182441294,0.22674239831501408,5.086429677486233,0.24059805133459897,0.2655531957439074,0.04730195177956437,1.0436280137772682,9090.0,11022.968334929426
2017-04-05,2017-03-06,0.6527768996784653,0.4148629839589368,0.6014701413293856,30.15111166647237,0.2962445469412982,0.29389431755274503,0.009825327510916228,1.020742358078602,9350.0,11852.071948783154
2017-04-06,2017-03-07,0.705467316119573,0.47600068685814856,0.6851332812887362,10.744931678813037,0.2906611230188826,0.3169556991486058,0.027050997782704478,1.0232815964523276,9230.0,11878.940406320431
2017-04-07,2017-03-08,0.7880238711794905,0.5664609010840023,0.7651881811166616,9.45978369973449,0.299280767491602,0.32983626318882897,0.031637168141593126,1.0398230088495577,9400.0,12021.719819227012
2017-04-08,2017-03-09,0.814459980630524,0.5995358990301606,0.796230472687108,7.437715835696673,0.269410595826343,0.3100038215109585,0.0362222222222218,1.044444444444444,9400.0,11790.034393598631
2017-04-09,2017-03-10,0.857197121107986,0.6525405545594688,0.8407984283062986,7.735260172242736,0.24472172668821204,0.2767331761242354,0.031637168141593126,1.0398230088495577,9400.0,11541.667912163086
2017-04-12,2017-03-13,0.8692237262570134,0.6913108819862862,0.8836159602311007,5.981846558568255,0.25102391808277497,0.309825124021147,0.04196428571428571,1.046875,9380.0,11736.033111229477
2017-04-13,2017-03-14,0.8715250618114293,0.6913108819862862,0.8903956223300604,3.1848159222293146,0.2000439933010236,0.2582405498927458,0.06281179138321952,1.0680272108843534,9420.0,11097.681650054023
2017-04-14,2017-03-15,0.8376116857748083,0.6536087320200026,0.8635210788377099,4.482787099913912,0.19011820289813466,0.22351885485919618,0.04241071428571429,1.0301339285714286,9230.0,10962.728939538398
2017-04-15,2017-03-16,0.8512004542734612,0.6794336145864707,0.8745940767665071,5.540369860923534,0.17122555861574065,0.19951697029251342,0.03090507726269357,1.0187637969094927,9230.0,10867.623750850167
2017-04-16,2017-03-17,0.8434805529291308,0.6807411558759012,0.869499873449153,4.05040120925959,0.16707340551015032,0.20230005337493107,0.04124860646599777,1.0289855072463767,9230.0,10784.631478773132
2017-04-19,2017-03-20,0.8600395591397135,0.7173980850801083,0.8887007068053207,2.802153835964344,0.15616497782452915,0.20813635429941627,0.05573033707865147,1.0640449438202244,9470.0,10752.413553264807
2017-04-20,2017-03-21,0.8518249710844334,0.6739194132570714,0.8548023963105212,2.1147204845258565,0.12588189580942907,0.17946898967875852,0.05952649379932269,1.0631341600901907,9430.0,10461.889938450597
2017-04-21,2017-03-22,0.8383918681135344,0.6884678643944028,0.859000026068926,2.9534963783048913,0.1363656485432644,0.17106463871354613,0.0461709211986673,1.039955604883462,9370.0,10551.29239480906
2017-04-22,2017-03-23,0.8140666876829149,0.6666839197215386,0.8391294206033114,2.52787175298703,0.12850719279398948,0.1695133348805204,0.050836120401337795,1.044593088071349,9370.0,10490.534613878268
2017-04-23,2017-03-24,0.8058582854416014,0.6100988924743,0.7866019315846751,1.4270650039654296,0.11025096487778505,0.16911584669785398,0.07725714285714196,1.070857142857142,9370.0,10229.76365860623
2017-04-26,2017-03-27,0.7015041437581839,0.5371383897573603,0.7224425193787168,2.822470548899902,0.06978293630834312,0.09752563686404751,0.024724061810154938,1.016556291390729,9210.0,9943.582269988266
2017-04-27,2017-03-28,0.7018489330485872,0.5251955486539652,0.7141652597993079,3.215967614656512,0.03945108136270923,0.055438808034983425,0.01226725082146789,1.0098576122672511,9220.0,9636.156317359397
2017-04-28,2017-03-29,0.6524292596088056,0.49346860197220904,0.6783497834541942,10.143726112612658,0.042035070041369145,0.05613849431171348,0.0041439476553988336,1.0032715376226835,9200.0,9684.789992838405
2017-04-29,2017-03-30,0.6200825403020118,0.4423281406418753,0.6144348498084161,5.718706584992551,0.02996702140606994,0.04456527769643577,0.005240174672488285,1.0043668122270735,9200.0,9568.21794369936
2017-04-30,2017-03-31,0.4280390115967542,0.3617225969234861,0.5391572379399491,3.0849351695078457,0.040046463146528995,0.0590702722355738,0.012981298129813792,1.012101210121013,9200.0,9626.948774621358
2017-05-03,2017-04-03,0.5655926531844149,0.4297218286123331,0.602936026028062,-0.3103406289579704,0.0062929263075786725,0.008203475166754813,-0.020277481323371704,,,9446.866562312485
2017-05-04,2017-04-04,0.627738543755567,0.5039947372613783,0.6774562090202944,2.477959836463581,-0.02047165094779619,-0.008990787095291546,-0.008261494252873886,,9290.0,9196.565495755698
2017-05-05,2017-04-05,0.6690260697099385,0.5191943719635117,0.6947744282268724,3.042382707244312,-0.04718133610164859,-0.04545552193463626,-0.015508021390373949,,,8924.990869911147
2017-05-06,2017-04-06,0.6726849537352183,0.48027355173884867,0.6704549032122348,22.240357313983125,-0.06023932100211677,-0.041129012038301105,-0.002708559046587019,,,8850.379218886479
2017-05-07,2017-04-07,0.6725434498851994,0.42964141693582086,0.5889574985567543,3.7632557364885915,-0.07806753921438886,-0.07590195541567873,-0.020744680851063263,,,8686.521619092615
2017-05-10,2017-04-10,0.5445823604586254,0.33553357724220934,0.4721076899352716,-10.143918000768922,-0.10268608243728145,-0.07755007598072171,0.010122921185827577,,9210.0,8504.98829945775
2017-05-11,2017-04-11,0.4826924955440859,0.2829008592434314,0.3966944265539262,7.950948721427608,-0.11218269800956565,-0.1078357829868346,-0.01410934744268141,,9300.0,8430.951850774418
2017-05-12,2017-04-12,0.5034983572862134,0.2960590387431259,0.41012418578622056,10.815082380345519,-0.12106435500386983,-0.11197302237097671,-0.01119402985074646,,9150.0,8329.69305016024
2017-05-13,2017-04-13,0.453245903791052,0.2666739829256819,0.3705524261752912,8.620933294187756,-0.13270014094025903,-0.12577589141145468,-0.015392781316348386,,9150.0,8235.191102904098
2017-05-14,2017-04-14,0.5371612361604363,0.3193390065900868,0.4329901603007055,-22.663334140827725,-0.11049296168334659,-0.08231328700107417,0.004875406283857186,,9150.0,8470.248360980084
2017-05-17,2017-04-17,0.4597783610477542,0.24342632074434795,0.34917374003965385,2.390184376412458,-0.09469101043934207,-0.09138391422774741,-0.039616613418529796,,8790.0,8531.905045401447
2017-05-18,2017-04-18,0.2604999784696192,0.11803342130469507,0.20237483337080436,1.0957051613544537,-0.0673390078044661,-0.06479597144430221,-0.061457233368532385,,8650.0,8856.38215042246
2017-05-19,2017-04-19,0.1364465900741173,0.006579089749847241,0.053719036929177504,0.9183378833017867,-0.06342058877290074,-0.07004546399956833,-0.06906019007391781,,8790.0,8806.66945592409
2017-05-20,2017-04-20,-0.13822184604604126,-0.13333699146284095,-0.13987740590722914,0.7316434962769287,-0.04763829339491375,-0.049151862551797106,-0.06511134676564193,,8790.0,8966.497936136557
2017-05-21,2017-04-21,-0.4148316398232051,-0.30253169045376643,-0.3726071787621717,0.5743352729880432,-0.03395749639651782,-0.03601650788888926,-0.05912486659551688,,8790.0,9032.5253210811
2017-05-24,2017-04-24,-0.7526208950459019,-0.4934317312385431,-0.6704549032122348,-0.6397013548499901,0.030554982925222598,0.036474983867209994,-0.04776444929116609,0.9629225736095973,8830.0,9504.475602062308
2017-05-25,2017-04-25,-0.8471086906005316,-0.6118553467357934,-0.8088847291451151,-1.450562153586786,0.07472592912416669,0.07655629356802972,-0.05151515151515077,0.9534632034632042,8810.0,9947.380152568587
2017-05-26,2017-04-26,-0.8461202066948886,-0.6163967557022965,-0.8084668088231622,-1.6608688242255372,0.0807892761403956,0.07623107931954726,-0.048642779587405184,0.9533116178067316,8780.0,9912.088240533032
2017-05-27,2017-04-27,-0.8526758332534651,-0.6125502958318992,-0.794604686446565,-1.9340602257869917,0.09607370752824825,0.08595218553383775,-0.049674620390455906,0.9522776572668109,8780.0,10012.479150621988
2017-05-28,2017-04-28,-0.8481285925881329,-0.5941474602165634,-0.7682121285053645,-2.2766596716974896,0.10838879741342526,0.09075776571052256,-0.04760869565217448,0.954347826086956,8780.0,10034.971444536814
2017-06-01,2017-05-02,-0.7507081105352995,-0.3636379272568565,-0.5283019376509565,-5.004040733053354,0.14046430127869353,0.1181009388616418,-0.02807017543859707,0.9802631578947363,8940.0,10197.08056241818
2017-06-03,2017-05-04,-0.7032302865397769,-0.3401774158209303,-0.45283023227224833,-3.0712889527247635,0.12628981484831586,0.08449730732646862,-0.04111948331539271,0.9687836383207752,9000.0,10074.979985062892
2017-06-07,2017-05-08,-0.5763496569380184,-0.32190085665449597,-0.4212110113594513,-2.0098005167635313,0.08462878235312689,0.036249824850356674,-0.04210805084745837,0.9629237288135586,9090.0,9782.198346587375
2017-06-09,2017-05-10,-0.5747796875115846,-0.3445015510579288,-0.4827811285568461,-3.902511525367805,0.04555048740250229,0.03119246966266122,-0.011672095548317243,0.9826275787187837,9050.0,9497.282645593112
2017-06-10,2017-05-11,-0.5382489355120302,-0.3492112372789302,-0.48833723380255095,-1.1039424093309733,0.023443938262674744,0.0055597522898855785,-0.021236559139785713,0.9731182795698917,9050.0,9351.705696295943
2017-06-11,2017-05-12,-0.39660504954559744,-0.22941573387056174,-0.3459176047861985,-5.126192320174282,0.026611380897083665,0.030631306201860733,-0.005191256830601884,0.9890710382513653,9050.0,9430.276451747033
2017-06-14,2017-05-15,-0.40983320368986853,-0.29117028033189307,-0.44624880560783303,10.519268652437807,-0.046494005093645666,-0.013920107128189498,-0.004419889502762231,,8960.0,8924.023030489883
2017-06-15,2017-05-16,-0.33797241243612536,-0.2583761632934466,-0.4132554478629261,-3.7229291888100757,-0.06176677972343676,0.001593854819877832,0.01659090909090825,,8810.0,8814.025922414932
2017-06-16,2017-05-17,-0.20654135824662861,-0.15751834837627002,-0.2773627947518846,-9.064874055608009,-0.08456424033673,-0.025325875800546734,0.009328782707622298,,8680.0,8567.385551713194
2017-06-17,2017-05-18,-0.22948340376520668,-0.19525133928223526,-0.32643853380357474,-4.053729154764667,-0.10403790431881661,-0.030533789510176202,0.02566473988439328,,8680.0,8385.882720736974
2017-06-18,2017-05-19,-0.23718195949971677,-0.21114460292333603,-0.3238262707528288,-11.665480737543522,-0.10882473498049702,-0.05929431319550826,0.009328782707622298,,8680.0,8268.802987011482
2017-06-21,2017-05-22,0.26143066205712434,0.09569487529386911,0.1812865879776044,30.9122243904931,-0.16363202784381986,-0.10693212916421069,-0.005293440736479128,,8600.0,7760.759797563012
2017-06-22,2017-05-23,0.4013413597385276,0.22966770070528586,0.3508772670534278,14.585811811665971,-0.17100606951608982,-0.11851915030178285,-0.011724137931034896,,8580.0,7668.883392374492
2017-06-23,2017-05-24,0.47191740654931424,0.315793088469768,0.4736843105221276,6.975973004097176,-0.1911874821055001,-0.16030088684282584,-0.027406568516422092,,8630.0,7414.543169177854
2017-06-24,2017-05-25,0.518165253160399,0.36411736244524956,0.5332832268818767,8.33664287418739,-0.21007204518383493,-0.18437910551291087,-0.025198637911464043,,8630.0,7185.620080431254
2017-06-25,2017-05-26,0.5925014333853517,0.43401946156463517,0.6134270006943829,8.914282506020577,-0.1949364739357539,-0.1692537963131747,-0.021867881548974538,,8630.0,7293.951668370323
2017-06-28,2017-05-29,0.7560524320395376,0.6253001102209507,0.8009094284053249,7.608021099597173,-0.20149096976102565,-0.18430012256683634,-0.02648401826484079,,8350.0,7145.530926314518
2017-06-29,2017-05-30,0.8252593590936472,0.7112192093352798,0.8710620790685648,5.098873496060107,-0.20510722763812003,-0.20135654930965474,-0.04022598870056418,,8410.0,7067.99453860955
2017-06-30,2017-05-31,0.8500351547400518,0.7398589090400561,0.8931471727958812,3.1762938810566586,-0.18654985196862486,-0.19738798168228727,-0.05873192436040121,,8470.0,7215.482044676243
2017-07-01,2017-06-01,0.8921101636973104,0.7968365468004737,0.9229034123893693,3.2940184066122984,-0.17612313180768152,-0.18437003834063892,-0.0534675615212526,,8470.0,7291.731857234687
2017-07-02,2017-06-02,0.9342710650200742,0.8328481559753811,0.9381308494167316,2.7392544221107937,-0.16374654212173514,-0.18474671188255698,-0.05977777777777816,,8470.0,7337.27959305699
2017-07-05,2017-06-05,0.9456598415658541,0.8257780081543853,0.9386164834109443,1.8832071139067834,-0.14876099958869743,-0.19493376134447327,-0.0789934354485775,,8340.0,7358.305421311513
2017-07-07,2017-06-07,0.9512262557928449,0.8242969501788525,0.9387179137390104,1.7294281482909317,-0.13584287105387388,-0.1859601109672067,-0.07854785478547781,,8270.0,7399.622591308085
2017-07-08,2017-06-08,0.9412628031454376,0.8066848750178677,0.9295226212879316,1.6700595938331295,-0.1379216794907094,-0.19163999789495187,-0.08258488499452336,,8270.0,7380.326819219088
2017-07-09,2017-06-09,0.9256437805511165,0.7862824203527853,0.9183904372676608,1.7750179037481226,-0.13219470354985985,-0.18421526106120895,-0.07447513812154677,,8270.0,7382.8518873960575
2017-07-12,2017-06-12,0.9452017349729158,0.8242969501788525,0.9387179137390104,1.9529633972934837,-0.1435549193951933,-0.19338165274315672,-0.07350620067643819,,8140.0,7154.704740168206
2017-07-13,2017-06-13,0.9479134704508376,0.8242969501788525,0.9387179137390104,1.4152464299263834,-0.13995910490643634,-0.20268534646308686,-0.09889380530973434,,8040.0,7207.724467973693
2017-07-14,2017-06-14,0.9541983514323481,0.8242969501788525,0.9387179137390104,1.2803351963380651,-0.12831930874013198,-0.18181691419259768,-0.10022321428571429,,7850.0,7330.920448834325
2017-07-15,2017-06-15,0.9491933732418204,0.8162314415861265,0.9321208676087923,1.3088014369603995,-0.11112184731513924,-0.1471609433016725,-0.08490351872871718,,7850.0,7513.512089512264
2017-07-16,2017-06-16,0.9431519805570275,0.7789473684210527,0.9157894736842105,1.12136155727342,-0.07983887585195613,-0.10200441860009983,-0.07119815668202824,,7850.0,7794.601646551138
2017-07-19,2017-06-19,0.85052037288451,0.6623376623376623,0.8339920948616601,0.8711827221054951,-0.07045740448364768,-0.09244115260503281,-0.08087557603686693,,8030.0,7877.61079538832
2017-07-20,2017-06-20,0.6218763634274835,0.4425173100960156,0.6167749469332126,1.1974683463970166,-0.055834618755079335,-0.05217635085783531,-0.046627218934910834,,8430.0,8009.109835251288
2017-07-21,2017-06-21,0.3736488854039098,0.28758784208880117,0.408705744531152,0.915588832709974,-0.04556651399998476,-0.05679747765016643,-0.04976744186046512,,8430.0,8111.541692208569
2017-07-22,2017-06-22,0.05244921158380266,0.004796287192241284,0.04941486622797844,0.42898486463801017,-0.020399280276492876,-0.024711464367739057,-0.04755244755244775,,8430.0,8367.9756357248
2017-07-23,2017-06-23,-0.11391718708873542,-0.10079894745227566,-0.16114476106026412,0.09551808061710594,-0.005069209840397898,-0.01202951123701151,-0.05307068366164462,,8430.0,8526.185318024583
2017-07-26,2017-06-26,-0.10821087099659171,-0.06971826474880027,-0.10570950792161195,0.6313572308524266,-0.0186687702720041,-0.010080734409625628,-0.02956926658905684,,8300.0,8503.406491421314
2017-07-27,2017-06-27,-0.09517946232012327,-0.013100936335545373,-0.007350869657475062,1.1908158962299815,-0.023844370124747143,-0.0023532760931066544,-0.020023557126031256,,8350.0,8470.02068596953
2017-07-28,2017-06-28,0.06151115944886946,0.14411029969099912,0.2114788655304364,4.852762622179554,-0.04649353410471325,-0.020059860867429988,-0.009580838323353078,,8180.0,8182.500161756958
2017-07-29,2017-06-29,0.07497681744783977,0.19231658288777187,0.24260194672761862,4.73167662269613,-0.07876750620421823,-0.06391741550470319,-0.01664684898929888,,8180.0,7872.45453560545
2017-07-30,2017-06-30,0.020303093846699448,0.15958349864271443,0.14990610386939468,4.233174007865451,-0.09995688330260717,-0.09441427921137106,-0.02361275088547795,,8180.0,7670.3110550796855
2017-08-02,2017-07-03,-0.10891383301569313,0.004386344633065127,-0.04697238973701644,6.4319651455505165,-0.13869877446566686,-0.1322957924341546,-0.02156398104265466,,8380.0,7323.42351185574
2017-08-03,2017-07-04,-0.2412233619029007,-0.12254562801925854,-0.21945732951013674,7.273126595582097,-0.1570236109603742,-0.15244107568039728,-0.02158956109134066,,8300.0,7144.9217320142525
2017-08-04,2017-07-05,-0.35734693172952225,-0.21883147860581886,-0.35633535461697463,23.985884835455806,-0.17831233330915428,-0.16994695125945755,-0.007434052757794198,,8330.0,6922.642426496127
2017-08-05,2017-07-06,-0.49651691557396793,-0.3229150041169595,-0.5328572284261315,12.210372668286249,-0.17734112684892195,-0.17483688348855644,-0.014523809523809737,,8330.0,6931.370178696127
2017-08-06,2017-07-07,-0.5740767985127958,-0.37870033041449214,-0.6021115612869615,-192.1533197911187,-0.18587987404236384,-0.1780410039196922,0.000967351874245137,,8330.0,6797.60089758414
2017-08-09,2017-07-10,-0.5392216850601291,-0.33410547551533165,-0.5155644222942406,-9.156239268538759,-0.2238191821198374,-0.2147191708496844,0.02444444444444456,,8150.0,6360.774716117556
2017-08-10,2017-07-11,-0.5168628882715055,-0.3026577796814937,-0.4666296310460382,-18.240863503583387,-0.21853357253680578,-0.22129559375162686,0.011980440097798835,,8200.0,6369.802043111697
2017-08-11,2017-07-12,-0.43339161775050644,-0.20615819775406094,-0.32975160593920033,-17.20568248451662,-0.2071445802804076,-0.2076422546768494,0.012039312039311249,,8130.0,6449.792046930451
2017-08-12,2017-07-13,-0.3712610166575489,-0.16426846010152704,-0.2420303894682795,-7.543461597325849,-0.18577181545653648,-0.1758098846631386,0.02462686567164237,,8130.0,6626.488527308362
2017-08-13,2017-07-14,-0.2142957895861551,-0.07487594622209767,-0.12208019139985953,-3.5320423180487395,-0.17457737826788675,-0.15273663408387128,0.04942675159235669,,8130.0,6651.0174224416105
2017-08-16,2017-07-17,-0.3756846368848289,-0.17393131069573453,-0.24333162812133474,-3.352781997391859,-0.14773195676007878,-0.1411350939672219,0.0440625,,8580.0,6870.919248262225
2017-08-17,2017-07-18,-0.39676433513878206,-0.17393131069573453,-0.24333162812133474,-2.599403396563664,-0.15818201346717528,-0.15706011990188473,0.060853199498118425,,8610.0,6718.230844381976
2017-08-18,2017-07-19,-0.4640276814304434,-0.17393131069573453,-0.24333162812133474,-1.8446157993075236,-0.13093785873042332,-0.1349028527597042,0.07098381070983883,,8710.0,6946.730092339571
2017-08-19,2017-07-20,-0.5409997656595286,-0.2506889511194525,-0.32768419690043554,-6.716051337474819,-0.13543638521597945,-0.17845444955304116,0.020166073546856244,,8710.0,6925.6289902678645
2017-08-20,2017-07-21,-0.6285079063596622,-0.34425154206795194,-0.4263746561409758,-6.59906693937084,-0.1330772692399799,-0.17809012672667884,0.020166073546856244,,8710.0,6928.700231694099
2017-08-23,2017-07-24,-0.7924885242133091,-0.5253393350559491,-0.6458545123338479,-2.246209409133056,-0.15047422255357415,-0.1794709173322615,0.06699029126213615,,8990.0,6761.159641182164
2017-08-24,2017-07-25,-0.8264883080948903,-0.5638963504728994,-0.7043911750831394,-2.1169633350651043,-0.14164223280508018,-0.17288556344252046,0.06690821256038625,,8820.0,6848.507534695932
2017-08-25,2017-07-26,-0.8541874091119528,-0.6057972360964813,-0.7561774924097228,-2.091796461437048,-0.14113325522948564,-0.17541877936631167,0.06746987951807136,,8840.0,6844.024131259619
2017-08-26,2017-07-27,-0.8807054761403149,-0.6596117943898864,-0.8004527149862652,-2.21397489142038,-0.13522481372747283,-0.16949379219600316,0.06107784431137748,,8840.0,6934.726835163372
2017-08-27,2017-07-28,-0.8752913004797385,-0.6489929649543896,-0.7992980147742779,-1.492176266905516,-0.12404399284789022,-0.14150533375861032,0.08312958435207751,,8840.0,7022.486369854572
2017-08-30,2017-07-31,-0.9029954569299362,-0.7050542172594688,-0.8579789583240675,-1.3537586387668958,-0.12015021659471374,-0.13947835151259422,0.0887530562347181,,9000.0,7039.067084626984
2017-08-31,2017-08-01,-0.9031689144079824,-0.7177115647040183,-0.8791424857838666,-1.1992037923249141,-0.10997576241808998,-0.13144829872514663,0.09170731707317098,,9050.0,7122.123950453796
2017-09-01,2017-08-02,-0.921324442460607,-0.7684986087448326,-0.9106853354616914,-1.3777772115679077,-0.10062048370877799,-0.14019566242417608,0.0730310262529833,,9040.0,7205.160348885404
2017-09-02,2017-08-03,-0.9236404262545984,-0.7440659145620316,-0.9025950243416814,-1.0970405411824018,-0.09146410295159198,-0.1211335270737046,0.08337349397590267,,9040.0,7294.591725288258
2017-09-03,2017-08-04,-0.9169365985935231,-0.6608187134502924,-0.8350877192982457,-0.7655295046398322,-0.06083799904820701,-0.08856329945407072,0.07947178871548549,,9040.0,7592.267715547596
2017-09-06,2017-08-07,-0.811502730609888,-0.5489275776748803,-0.7541409946298313,-0.26379044606585733,-0.014480143817457563,-0.037943273092925146,0.05489260143198091,,8600.0,8062.035371481287
2017-09-07,2017-08-08,-0.5312811350329182,-0.32935654660492825,-0.4956154857041872,0.08036500157556373,0.004572990485812334,-0.009294342422021628,0.056902761104441084,1.0648259303721481,8870.0,8252.578127624565
2017-09-08,2017-08-09,-0.47448534893813893,-0.3405363906491312,-0.5305596163425054,0.1555453578631956,0.011222168150130035,0.014278587780236928,0.07214723926380429,1.0687116564417183,8710.0,8266.370490408926
2017-09-09,2017-08-10,-0.32122787533540903,-0.23873434922907394,-0.3644582446409712,0.24336597629032186,0.015967182346852883,0.014989909650742829,0.06560975609756121,1.0621951219512198,8710.0,8322.91725913609
2017-09-10,2017-08-11,-0.5697830674304896,-0.3657960347924742,-0.5834806902022491,0.022606035342732044,0.0016905866529373862,-0.002777300837746735,0.07478474784747775,1.0713407134071333,8710.0,8107.4205441891245
2017-09-13,2017-08-14,0.01888754601091324,-0.10577412058827453,-0.20032546807535262,0.7251217750474116,0.033270293208057224,-0.014618040365802314,0.0458823529411758,1.0611764705882347,9020.0,8375.746656890686
2017-09-15,2017-08-16,0.2584612727511553,0.1488054054519568,0.21097315440020875,1.2244076814221607,0.05879440148553938,0.005385795755510561,0.048018648018647796,1.051282051282051,9020.0,8626.210127582282
2017-09-16,2017-08-17,0.23580518235127518,0.20724395786610836,0.2687057818559125,1.6148196899207956,0.07164472956443019,0.026299723090174143,0.044367015098722415,1.0476190476190477,9020.0,8836.4406158064
2017-09-17,2017-08-18,0.18106220183971958,0.16446144058002873,0.20925869567515756,2.884343610938589,0.09338517775943724,0.04377997020753048,0.03237657864523601,1.0355912743972453,9020.0,9091.323540507585
2017-09-20,2017-08-21,0.04235245602914885,0.039302809006636116,0.05652914862118285,5.166147984619546,0.12900575723334035,0.0873090758837576,0.024971363115693014,1.0252004581901488,8950.0,9492.208232465204
2017-09-21,2017-08-22,0.026010062260604108,0.035013036576931014,0.03958160584794264,-109.54161287973946,0.1473653984928784,0.09365510501888111,-0.0013452914798202204,0.9943946188340811,8870.0,9755.403536768416
2017-09-22,2017-08-23,-0.07314648721367151,-0.008753259144232754,-0.021487157460311716,-9.730595320137187,0.1710160245363454,0.11847624892832763,-0.017575083426029717,0.9610678531701883,8640.0,10055.101477865674
2017-09-23,2017-08-24,-0.1116618997935225,-0.05301589619830679,-0.10081314140155732,120.9959773919367,0.16462037740394556,0.1423650583736413,0.0013605442176866619,0.9795918367346935,8640.0,10075.65981485552
2017-09-24,2017-08-25,-0.1501643816380553,-0.11200995688315964,-0.198117112148999,-198.37507110905491,0.17952495122991396,0.16203865008663557,-0.0009049773755656109,0.9773755656108597,8640.0,10272.421666765858
2017-09-27,2017-08-28,-0.5160962098663874,-0.33625736594566463,-0.48671596962838437,-5.505967213751227,0.20145289693411103,0.1939834611851838,-0.036588103254770514,0.959595959595959,8550.0,10638.392639159994
2017-09-28,2017-08-29,-0.5637273151724129,-0.36763688405777567,-0.5281317123139775,-4.585531040047729,0.2251823278594867,0.21550786039895575,-0.049107142857142856,0.9542410714285714,8550.0,10890.950429174643
2017-09-29,2017-08-30,-0.5647581364301388,-0.3763901432020084,-0.5575351909438777,-3.9076707176906464,0.215356075108286,0.2073486411472478,-0.05511111111111149,0.9511111111111107,8560.0,10866.137770325235
2017-09-30,2017-08-31,-0.5252364040891758,-0.3229150041169595,-0.5040657070077866,-3.723779101477569,0.22466114800074544,0.22175376731894647,-0.06033149171270699,0.9458563535911604,8560.0,11056.871594236463
2017-10-01,2017-09-01,-0.47838149005838226,-0.26135656606070584,-0.43917215354702055,-4.08815064928325,0.24239477301059903,0.24449885712099417,-0.0592920353982299,0.9469026548672568,8560.0,11250.269668373785
2017-10-04,2017-09-04,-0.5175621138176858,-0.29676857074823443,-0.4931880043197679,-8.66153775189045,0.2411450851378661,0.2922568667668075,-0.027840909090909895,,,11371.860427547916
2017-10-05,2017-09-05,-0.5914554039332829,-0.35102416907728173,-0.5594634509956791,-11.986459500053488,0.20642582376670024,0.2599418106924194,-0.017221584385762875,,,10974.093171130966
2017-10-06,2017-09-06,-0.7397221874147835,-0.44781107551989907,-0.6683066855450204,,0.18636930715536962,0.24618719236416223,,,,10717.209854331795
2017-10-07,2017-09-07,-0.7641185884836431,-0.4810511993647416,-0.7015492457165325,,0.14963005120827375,0.17214404620036894,,,,10396.917689797281
2017-10-08,2017-09-08,-0.8899641982604765,-0.5797710356524485,-0.7985704719474196,,0.1276381769481241,0.16663275383798307,,,,10161.371285928826
2017-10-11,2017-09-11,-0.43336768636682643,-0.37977726265637496,-0.5364788349597014,-51.348134635418866,0.11487278441927115,0.13825605152477688,-0.0022371364653241818,1.0000000000000002,8940.0,10176.009100631503
2017-10-12,2017-09-12,-0.3311205135796574,-0.29538231539940274,-0.4185713987048219,63.92232301763833,0.09565630081199407,0.12838368586255364,0.00149644594088984,1.002244668911335,8930.0,10053.89864103536
2017-10-13,2017-09-13,-0.26696498814590014,-0.18488047749952394,-0.1899854784992891,-7.918111191557325,0.07461634714882655,0.09399301123682845,-0.00942350332594295,0.9944567627494451,8970.0,9867.816961356199
2017-10-14,2017-09-14,-0.25661233556749496,-0.08654246229949733,-0.025044762793230355,-3.6231121426202804,0.0539272479882835,0.07132258617723461,-0.014884233737596274,0.9889746416758547,8970.0,9716.895856627516
2017-10-15,2017-09-15,-0.15726576940286086,0.0333353911370414,0.1255509653571718,-5.4636494853671715,0.05148671909714403,0.07582340800009815,-0.00942350332594295,0.9944567627494451,8970.0,9703.927140160891
2017-10-18,2017-09-18,-0.4634375703054564,-0.24267994853915967,-0.3649743445772613,0.4543836297325391,0.011090041132455574,0.06236795883411336,0.024406779661017793,1.038418079096046,9190.0,9401.956435681896
2017-10-19,2017-09-19,-0.3463762113510162,-0.2761530448893886,-0.3885210764854718,0.5153358313385061,0.014208129135208965,0.061348275820913234,0.027570621468927397,1.0248587570621477,9070.0,9392.932241015074
2017-10-20,2017-09-20,-0.6203783608969774,-0.4602550748156477,-0.6033850051478917,-0.1963032903903722,-0.0035093325656378985,0.028934896537113727,0.017877094972066833,,9050.0,9208.96732400717
2017-10-21,2017-09-21,-0.787908900745993,-0.6315861769395361,-0.8471853248845371,-0.892648200517236,-0.02415282616957497,0.011449038124237879,0.02705749718150987,,9050.0,8971.552968161997
2017-10-22,2017-09-22,-0.8727759113656515,-0.7071931137405822,-0.8888894267747266,-0.7286275378225427,-0.03963598874729126,0.007953969930596723,0.05439814814814837,,9050.0,8708.722300200354
2017-10-25,2017-09-25,-0.9294726922029677,-0.7899438584070568,-0.9307815690817886,-0.7959938156209686,-0.06717961989992498,-0.008952420454586819,0.08439716312056644,,9210.0,8384.262522954203
2017-10-26,2017-09-26,-0.914082704356896,-0.7342360411356582,-0.8739888712392936,-0.8757262623298956,-0.08027490738024022,-0.026172476295047258,0.09166666666666642,,9050.0,8180.151199121605
2017-10-27,2017-09-27,-0.8794492069387893,-0.655485329316494,-0.8070700947101584,-1.1454248976450594,-0.08493560059730511,-0.05555800057284753,0.07415204678362482,,9120.0,8074.9790951021605
2017-10-28,2017-09-28,-0.845619614436603,-0.6057972360964814,-0.7656541768216137,-1.2067064362717288,-0.08947975211652241,-0.06371586540578467,0.07415204678362482,,9120.0,8005.229350780548
2017-10-29,2017-09-29,-0.7387865042492822,-0.5444780552383428,-0.7114554703573067,-1.0877093763576782,-0.07929096388401766,-0.059152900956885926,0.07289719626168224,,9120.0,8053.6511678090565
2017-11-09,2017-10-10,0.26603681637159265,0.07391374209916267,0.09265538201911798,-0.056898007027264635,-0.003759104284497921,-0.027725038197395913,0.06606741573033686,,9830.0,8653.247160043178
2017-11-10,2017-10-11,0.34578038340597816,0.1608710857452364,0.17175143984031624,-0.11819389788622475,-0.00965117958131368,-0.033846890535708496,0.08165548098434026,,10150.0,8637.408798610764
2017-11-11,2017-10-12,0.5832312641541672,0.3062236009403811,0.3976609026605516,1.4088324742435203e-06,1.1674535620830994e-07,-0.01981602535601766,0.0828667413213888,1.1366181410974245,10150.0,8753.04289357076
2017-11-12,2017-10-13,0.6182735505312137,0.412704189511463,0.5139203862667833,-0.03613908807180165,-0.0028202186901071517,-0.031018352149912404,0.07803790412486064,,10150.0,8691.765381215286
2017-11-15,2017-10-16,0.941624960356677,0.639136475798642,0.788135719004083,0.31782724423382636,0.05365546795751434,0.021114925239579824,0.1688195991091307,1.2026726057906452,10800.0,9169.612028651432
2017-11-16,2017-10-17,0.9550957343152666,0.6361791658328025,0.7832723921917971,0.5267241449614992,0.0813407696862794,0.024602154899632318,0.15442764578833762,1.1663066954643635,10800.0,9487.81595437059
2017-11-17,2017-10-18,0.9588235739621181,0.6797530813008028,0.8171802879576756,0.5696772239011285,0.1066207644298086,0.0600811217054746,0.18715995647442873,1.2241566920565832,11250.0,9742.145508473312
2017-11-18,2017-10-19,0.9529258835408558,0.6762764941060212,0.8170299625858733,0.5983598492383893,0.12138722410128307,0.09313663695741325,0.20286659316427808,1.2403528114663729,11250.0,9914.749297203736
2017-11-19,2017-10-20,0.9404471784440054,0.6772581571470162,0.8261853354625592,0.7003344583690632,0.1439361428250231,0.12144255121094079,0.20552486187845329,1.243093922651934,11250.0,10149.055088459012
2017-11-22,2017-10-23,0.9567259190205989,0.758186129143203,0.9042105537567643,0.84930185821687,0.17499099775557947,0.13598898163612833,0.20604099244875945,1.197411003236246,11100.0,10530.61785976691
2017-11-23,2017-10-24,0.9577624633471078,0.8104748277048032,0.9392487127148389,0.8746070354903677,0.1868092697163892,0.15793449931092726,0.21359223300970873,1.202804746494067,11150.0,10734.052808612296
2017-11-24,2017-10-25,0.9586536144092961,0.8191896107984032,0.9403789759070349,0.9160903403348118,0.1959498339261213,0.18342517943536982,0.21389793702497262,1.1834961997828446,10900.0,10899.345902599758
2017-11-25,2017-10-26,0.9604235220078584,0.8105725354887772,0.9353270613851008,0.8441489617709294,0.19867815343337916,0.2144153113683652,0.2353591160220997,1.2044198895027627,10900.0,10990.458567883703
2017-11-26,2017-10-27,0.9681442192661979,0.8329176184214357,0.9424168596593429,0.8883785473867267,0.20066445258954507,0.20780399700013802,0.2258771929824554,1.1951754385964906,10900.0,11015.172452641265
2017-11-29,2017-10-30,0.9652826080537217,0.7816892013542073,0.9027705034802901,0.8221589821318682,0.16569944243406537,0.19773492965618197,0.2015418502202636,1.1839207048458142,10750.0,10875.433161278139
2017-11-30,2017-10-31,0.9523560959703867,0.7729552437971771,0.9050316694251376,0.6285052494287082,0.13508596989983548,0.19004972981638008,0.2149321266968326,1.165158371040724,10300.0,10520.0396115768
2017-12-01,2017-11-01,0.9265264255098817,0.6768817106698443,0.8196726550071513,0.9332651043072173,0.1526605950338968,0.1683175136076546,0.16357688113413396,1.1504907306434033,10550.0,10713.471599782184
2017-12-02,2017-11-02,0.8525093093165439,0.4230964823530981,0.558518027497809,1.0487770050544365,0.18094284592697396,0.210118543033343,0.1725274725274723,1.1593406593406592,10550.0,11012.078741603424
2017-12-03,2017-11-03,0.842729829170588,0.4893893958376576,0.6490971216539612,0.9358497093160656,0.14483388358463006,0.15230230260607971,0.15476190476190568,1.1417748917748927,10550.0,10647.273276080168
2017-12-06,2017-11-06,0.7597877442047364,0.4726759937885687,0.5908968301585723,1.053320716061984,0.0954537213712645,0.0966620666473377,0.0906217070600626,1.080084299262381,10250.0,10407.32301248324
2017-12-07,2017-11-07,0.6597241477138569,0.4464162163558705,0.5852423150374376,0.8108254735313086,0.0789990557723227,0.10027888220482223,0.09743040685224882,1.0492505353319062,9800.0,10276.604759793036
2017-12-08,2017-11-08,0.37532307232698864,0.2801042926154481,0.36754348287375305,1.4586800323439122,0.08440161193436385,0.08951528267953827,0.057861635220125184,1.0230607966457017,9760.0,10393.975796762801
2017-12-09,2017-11-09,0.3863402524848383,0.3229150041169595,0.4182119349754926,2.1322592675353147,0.05683132534021042,0.03854649978305581,0.026653102746694555,0.9928789420142429,9760.0,10208.912092867431
2017-12-10,2017-11-10,0.21654561087963303,0.24002133617819923,0.2802264856252001,-9.88019921408272,0.05645828122332279,0.016461142819779506,-0.005714285714285001,0.9615763546798036,9760.0,10317.080599620755
2017-12-13,2017-11-13,0.22241360395249068,0.2324762655524517,0.27658410858365173,-0.4608906144885777,0.03347978992039639,-0.014468099136011358,-0.07264150943396162,0.9273584905660384,9830.0,10446.638149158272
2017-12-14,2017-11-14,-0.30527947365387353,-0.14005214630772406,-0.2533222774268329,-0.5133542359987411,0.058272643005262206,-0.016024294528920242,-0.11351351351351294,0.887387387387388,9850.0,10922.130330728978
2017-12-15,2017-11-15,-0.6674366538398041,-0.49346860197220904,-0.6975696939853965,-0.8692425995277692,0.07356367925633212,0.03685349998772732,-0.08462962962963025,0.9249999999999994,9990.0,11198.017799867463
2017-12-16,2017-11-16,-0.7475306318769394,-0.6057972360964813,-0.7977900113385467,-0.7916756253473303,0.06699921495995048,0.04147612746638933,-0.08462962962963025,0.9249999999999994,9990.0,11247.942176637012
2017-12-17,2017-11-17,-0.7014304160253887,-0.5676572303891314,-0.7685364326774673,-0.5414903353321542,0.06565269487938273,0.011876984862442387,-0.12124444444444402,0.8880000000000005,9990.0,11383.616079702471
2017-12-20,2017-11-20,-0.7835764759597242,-0.740756562956003,-0.9166434488709198,-0.6727386553537607,0.10600021247834888,0.06133300283378145,-0.15756521739130408,0.8252173913043481,9490.0,12205.329532588483
2017-12-21,2017-11-21,-0.7878678873708863,-0.6710382982072027,-0.8719980527791794,-0.7525822154941226,0.11158285648392827,0.10002873469228367,-0.14826666666666624,0.8284444444444449,9320.0,12375.323265288185
2017-12-22,2017-11-22,-0.7902767354602813,-0.6448939489264025,-0.8324388410523211,-0.7522431166289846,0.11276869784420052,0.11953911317944878,-0.14990990990990935,0.8342342342342348,9260.0,12426.884156291873
2017-12-23,2017-11-23,-0.7632878710193791,-0.4748324320318872,-0.6415342665650413,-0.607835413676327,0.09343765910683653,0.10249328646436609,-0.15372197309417082,0.8304932735426005,9260.0,12292.800144077688
2017-12-24,2017-11-24,-0.8230538365188433,-0.726813463208514,-0.9032749453603924,-0.9343574501284341,0.12549534926495678,0.16426630188874677,-0.13431192660550473,0.8495412844036696,9260.0,12690.502690587342
2017-12-27,2017-11-27,-0.7830825081092595,-0.6091284734146432,-0.8157299944672005,-1.1149331020351934,0.16800014696575738,0.19746115976486184,-0.15068181818181803,0.8563636363636365,9420.0,13172.072757413478
2017-12-28,2017-11-28,-0.7059981868747073,-0.5358913016456669,-0.757634987748698,-1.450485089090549,0.17540749914583492,0.22218876744476962,-0.12093023255814028,0.9069767441860458,9750.0,13138.529250031284
2017-12-29,2017-11-29,-0.6913689089893751,-0.49736145915484,-0.7246051712663429,-1.5926933067880222,0.18322146257933639,0.21585487917926924,-0.11503875968992318,,,13070.439951177155
2017-12-30,2017-11-30,-0.6446811249147036,-0.43401946156463517,-0.676612614499813,-1.9207685466229067,0.14669947475825518,0.21186085789252782,-0.07637540453074476,,,12482.166836293043
2017-12-31,2017-12-01,-0.6390116447589934,-0.3934447376823169,-0.6442953878743976,-1.3055171699301598,0.12828304576564872,0.1505488169221943,-0.0982622432859396,,,12138.290018529146
2018-01-03,2017-12-04,-0.24284211787910467,-0.17595383576944668,-0.29925408760627265,-3.523410653433875,0.16226979820967288,0.18995594902076457,-0.04605475040257559,0.9661835748792279,10000.0,12316.044072364903
2018-01-04,2017-12-05,-0.09488201753228423,-0.22941573387056174,-0.33011426243555997,-3.4102345884065492,0.14126538100842817,0.15654354405846913,-0.041423948220065177,0.9466019417475723,9750.0,11912.398503802238
2018-01-05,2017-12-06,0.05604311602670637,-0.06470700186092768,-0.10886746952662082,-4.746957067497262,0.1701957777858807,0.19412653388021955,-0.03585365853658605,0.9668292682926822,9910.0,12239.79697227226
2018-01-06,2017-12-07,0.09454006294798051,-0.08552816674801415,-0.10020666504096573,13.890591048554676,0.11693609811282232,0.17763863436317318,0.008418367346938026,1.0112244897959177,9910.0,11540.858616759106
2018-01-07,2017-12-08,0.10105048298657993,-0.014815221273648992,-0.03926383323711695,10.73159262601411,0.13469468203756654,0.19216887837327126,0.012551229508195967,1.0153688524590156,9910.0,11635.568252923136
2018-01-10,2017-12-11,0.2963845104315403,0.1470613678657447,0.20719937748614933,-17.98104760182901,0.1557270990692238,0.18829144738039807,-0.008660624370594705,0.9909365558912381,9840.0,11799.73407248736
2018-01-11,2017-12-12,0.459182407039092,0.28152613723111475,0.37472579298498077,14.172869197695485,0.1787828871326902,0.21958417063619615,0.012614445574771859,1.047812817904375,10300.0,11988.5123973538
2018-01-12,2017-12-13,0.5528520709077084,0.3870984386927827,0.5151382681081585,8.0250505402021,0.1567456463600064,0.19532898249587316,0.019532044760936666,1.042726347914548,10250.0,11750.083897934424
2018-01-13,2017-12-14,0.6136327984324966,0.44590403603995915,0.607124500112413,8.465682095598606,0.14782713913126977,0.18761162814172117,0.017461928934010718,1.0406091370558381,10250.0,11697.974537195947
2018-01-14,2017-12-15,0.7797817590093792,0.5830297996472293,0.794604686446565,39.99558306381223,0.1281139797839612,0.1474474951210393,0.003203203203202655,1.0260260260260254,10250.0,11463.000476259189
2018-01-17,2017-12-18,0.8396643464366256,0.6099732973340818,0.7985959522630737,1.9773836297660543,0.09367625846471601,0.1490074779041706,0.04737384140061831,1.0195674562306904,9900.0,11156.862610449492
2018-01-18,2017-12-19,0.7348472664736857,0.3049866486670409,0.4774024154188045,0.6021478960169753,0.04676254937153144,0.11900348370174457,0.07765957446808573,1.0744680851063837,10100.0,10518.632746796393
2018-01-19,2017-12-20,0.7405417353385857,0.23460511435926226,0.3773585268935404,0.6323522357942969,0.04664347366238188,0.09713797204630295,0.07376185458377177,1.111696522655426,10550.0,10411.839354719421
2018-01-20,2017-12-21,0.2073864045625856,0.0,-0.02891069048154348,0.16934601901310645,0.01580805113105178,0.07411302300536282,0.09334763948497854,1.1319742489270386,10550.0,10010.733374409981
2018-01-21,2017-12-22,-0.3326900007907024,-0.2435440935235262,-0.4402208062257976,0.07858952451631417,0.007892900410385815,0.061768299239291856,0.10043196544276523,1.1393088552915773,10550.0,9831.974450955837
2018-01-25,2017-12-26,-0.7691234221187935,-0.5845533484625116,-0.7791686656698997,-0.21729442710539787,-0.02643710212381594,0.012416896428313456,0.12166488794023567,,10500.0,9486.34631953329
2018-01-26,2017-12-27,-0.8392880303485135,-0.6381820960278797,-0.8267341946788181,-0.45158670122907074,-0.05417122849138525,-0.03349128058993872,0.11995753715498916,,10750.0,9104.512136842779
2018-01-27,2017-12-28,-0.830458840412691,-0.6250996730729564,-0.8193912107278053,-1.0276946843329178,-0.0843236664068031,-0.09898785775018784,0.08205128205128165,,10750.0,8784.868386935672
